"STATION","NAME","DATE","TAVG","TMAX","TMIN","TOBS"
"USW00025333","SITKA AIRPORT, AK US","2021-01-01",,"44","40",
"USW00025333","SITKA AIRPORT, AK US","2021-01-02",,"44","35",
"USW00025333","SITKA AIRPORT, AK US","2021-01-03",,"43","36",
"USW00025333","SITKA AIRPORT, AK US","2021-01-04",,"45","39",
"USW00025333","SITKA AIRPORT, AK US","2021-01-05",,"45","40",
"USW00025333","SITKA AIRPORT, AK US","2021-01-06",,"44","39",
"USW00025333","SITKA AIRPORT, AK US","2021-01-07",,"48","42",
"USW00025333","SITKA AIRPORT, AK US","2021-01-08",,"48","37",
"USW00025333","SITKA AIRPORT, AK US","2021-01-09",,"46","38",
"USW00025333","SITKA AIRPORT, AK US","2021-01-10",,"46","41",
"USW00025333","SITKA AIRPORT, AK US","2021-01-11",,"44","38",
"USW00025333","SITKA AIRPORT, AK US","2021-01-12",,"44","34",
"USW00025333","SITKA AIRPORT, AK US","2021-01-13",,"39","34",
"USW00025333","SITKA AIRPORT, AK US","2021-01-14",,"47","37",
"USW00025333","SITKA AIRPORT, AK US","2021-01-15",,"48","41",
"USW00025333","SITKA AIRPORT, AK US","2021-01-16",,"47","42",
"USW00025333","SITKA AIRPORT, AK US","2021-01-17",,"46","39",
"USW00025333","SITKA AIRPORT, AK US","2021-01-18",,"48","41",
"USW00025333","SITKA AIRPORT, AK US","2021-01-19",,"42","36",
"USW00025333","SITKA AIRPORT, AK US","2021-01-20",,"38","36",
"USW00025333","SITKA AIRPORT, AK US","2021-01-21",,"41","34",
"USW00025333","SITKA AIRPORT, AK US","2021-01-22",,"40","34",
"USW00025333","SITKA AIRPORT, AK US","2021-01-23",,"38","35",
"USW00025333","SITKA AIRPORT, AK US","2021-01-24",,"39","30",
"USW00025333","SITKA AIRPORT, AK US","2021-01-25",,"37","28",
"USW00025333","SITKA AIRPORT, AK US","2021-01-26",,"36","24",
"USW00025333","SITKA AIRPORT, AK US","2021-01-27",,"30","23",
"USW00025333","SITKA AIRPORT, AK US","2021-01-28",,"36","22",
"USW00025333","SITKA AIRPORT, AK US","2021-01-29",,"40","33",
"USW00025333","SITKA AIRPORT, AK US","2021-01-30",,"42","33",
"USW00025333","SITKA AIRPORT, AK US","2021-01-31",,"43","29",
"USW00025333","SITKA AIRPORT, AK US","2021-02-01",,"38","31",
"USW00025333","SITKA AIRPORT, AK US","2021-02-02",,"38","29",
"USW00025333","SITKA AIRPORT, AK US","2021-02-03",,"40","33",
"USW00025333","SITKA AIRPORT, AK US","2021-02-04",,"39","34",
"USW00025333","SITKA AIRPORT, AK US","2021-02-05",,"37","34",
"USW00025333","SITKA AIRPORT, AK US","2021-02-06",,"37","29",
"USW00025333","SITKA AIRPORT, AK US","2021-02-07",,"36","27",
"USW00025333","SITKA AIRPORT, AK US","2021-02-08",,"30","16",
"USW00025333","SITKA AIRPORT, AK US","2021-02-09",,"17","13",
"USW00025333","SITKA AIRPORT, AK US","2021-02-10",,"30","12",
"USW00025333","SITKA AIRPORT, AK US","2021-02-11",,"37","24",
"USW00025333","SITKA AIRPORT, AK US","2021-02-12",,"39","29",
"USW00025333","SITKA AIRPORT, AK US","2021-02-13",,"38","26",
"USW00025333","SITKA AIRPORT, AK US","2021-02-14",,"37","30",
"USW00025333","SITKA AIRPORT, AK US","2021-02-15",,"35","26",
"USW00025333","SITKA AIRPORT, AK US","2021-02-16",,"38","29",
"USW00025333","SITKA AIRPORT, AK US","2021-02-17",,"43","34",
"USW00025333","SITKA AIRPORT, AK US","2021-02-18",,"43","38",
"USW00025333","SITKA AIRPORT, AK US","2021-02-19",,"42","31",
"USW00025333","SITKA AIRPORT, AK US","2021-02-20",,"44","31",
"USW00025333","SITKA AIRPORT, AK US","2021-02-21",,"44","37",
"USW00025333","SITKA AIRPORT, AK US","2021-02-22",,"42","33",
"USW00025333","SITKA AIRPORT, AK US","2021-02-23",,"38","32",
"USW00025333","SITKA AIRPORT, AK US","2021-02-24",,"39","34",
"USW00025333","SITKA AIRPORT, AK US","2021-02-25",,"42","35",
"USW00025333","SITKA AIRPORT, AK US","2021-02-26",,"43","37",
"USW00025333","SITKA AIRPORT, AK US","2021-02-27",,"44","36",
"USW00025333","SITKA AIRPORT, AK US","2021-02-28",,"45","34",
"USW00025333","SITKA AIRPORT, AK US","2021-03-01",,"41","34",
"USW00025333","SITKA AIRPORT, AK US","2021-03-02",,"41","33",
"USW00025333","SITKA AIRPORT, AK US","2021-03-03",,"41","32",
"USW00025333","SITKA AIRPORT, AK US","2021-03-04",,"43","33",
"USW00025333","SITKA AIRPORT, AK US","2021-03-05",,"43","36",
"USW00025333","SITKA AIRPORT, AK US","2021-03-06",,"43","35",
"USW00025333","SITKA AIRPORT, AK US","2021-03-07",,"47","38",
"USW00025333","SITKA AIRPORT, AK US","2021-03-08",,"40","30",
"USW00025333","SITKA AIRPORT, AK US","2021-03-09",,"41","28",
"USW00025333","SITKA AIRPORT, AK US","2021-03-10",,"40","36",
"USW00025333","SITKA AIRPORT, AK US","2021-03-11",,"41","32",
"USW00025333","SITKA AIRPORT, AK US","2021-03-12",,"37","29",
"USW00025333","SITKA AIRPORT, AK US","2021-03-13",,"35","27",
"USW00025333","SITKA AIRPORT, AK US","2021-03-14",,"34","23",
"USW00025333","SITKA AIRPORT, AK US","2021-03-15",,"40","32",
"USW00025333","SITKA AIRPORT, AK US","2021-03-16",,"42","33",
"USW00025333","SITKA AIRPORT, AK US","2021-03-17",,"43","35",
"USW00025333","SITKA AIRPORT, AK US","2021-03-18",,"40","31",
"USW00025333","SITKA AIRPORT, AK US","2021-03-19",,"37","30",
"USW00025333","SITKA AIRPORT, AK US","2021-03-20",,"39","29",
"USW00025333","SITKA AIRPORT, AK US","2021-03-21",,"43","35",
"USW00025333","SITKA AIRPORT, AK US","2021-03-22",,"42","36",
"USW00025333","SITKA AIRPORT, AK US","2021-03-23",,"42","37",
"USW00025333","SITKA AIRPORT, AK US","2021-03-24",,"40","36",
"USW00025333","SITKA AIRPORT, AK US","2021-03-25",,"41","35",
"USW00025333","SITKA AIRPORT, AK US","2021-03-26",,"42","35",
"USW00025333","SITKA AIRPORT, AK US","2021-03-27",,"39","32",
"USW00025333","SITKA AIRPORT, AK US","2021-03-28",,"41","31",
"USW00025333","SITKA AIRPORT, AK US","2021-03-29",,"41","32",
"USW00025333","SITKA AIRPORT, AK US","2021-03-30",,"41","37",
"USW00025333","SITKA AIRPORT, AK US","2021-03-31",,"41","33",
"USW00025333","SITKA AIRPORT, AK US","2021-04-01",,"36","31",
"USW00025333","SITKA AIRPORT, AK US","2021-04-02",,"38","33",
"USW00025333","SITKA AIRPORT, AK US","2021-04-03",,"41","32",
"USW00025333","SITKA AIRPORT, AK US","2021-04-04",,"41","35",
"USW00025333","SITKA AIRPORT, AK US","2021-04-05",,"40","34",
"USW00025333","SITKA AIRPORT, AK US","2021-04-06",,"38","32",
"USW00025333","SITKA AIRPORT, AK US","2021-04-07",,"41","30",
"USW00025333","SITKA AIRPORT, AK US","2021-04-08",,"39","31",
"USW00025333","SITKA AIRPORT, AK US","2021-04-09",,"39","32",
"USW00025333","SITKA AIRPORT, AK US","2021-04-10",,"36","30",
"USW00025333","SITKA AIRPORT, AK US","2021-04-11",,"41","31",
"USW00025333","SITKA AIRPORT, AK US","2021-04-12",,"41","37",
"USW00025333","SITKA AIRPORT, AK US","2021-04-13",,"45","39",
"USW00025333","SITKA AIRPORT, AK US","2021-04-14",,"45","40",
"USW00025333","SITKA AIRPORT, AK US","2021-04-15",,"48","39",
"USW00025333","SITKA AIRPORT, AK US","2021-04-16",,"50","36",
"USW00025333","SITKA AIRPORT, AK US","2021-04-17",,"56","37",
"USW00025333","SITKA AIRPORT, AK US","2021-04-18",,"67","41",
"USW00025333","SITKA AIRPORT, AK US","2021-04-19",,"61","46",
"USW00025333","SITKA AIRPORT, AK US","2021-04-20",,"51","42",
"USW00025333","SITKA AIRPORT, AK US","2021-04-21",,"57","41",
"USW00025333","SITKA AIRPORT, AK US","2021-04-22",,"52","37",
"USW00025333","SITKA AIRPORT, AK US","2021-04-24",,"63","42",
"USW00025333","SITKA AIRPORT, AK US","2021-04-25",,"60","41",
"USW00025333","SITKA AIRPORT, AK US","2021-04-26",,"53","39",
"USW00025333","SITKA AIRPORT, AK US","2021-04-27",,"50","45",
"USW00025333","SITKA AIRPORT, AK US","2021-04-28",,"51","44",
"USW00025333","SITKA AIRPORT, AK US","2021-04-29",,"48","44",
"USW00025333","SITKA AIRPORT, AK US","2021-04-30",,"47","43",
"USW00025333","SITKA AIRPORT, AK US","2021-05-01",,"48","37",
"USW00025333","SITKA AIRPORT, AK US","2021-05-02",,"50","38",
"USW00025333","SITKA AIRPORT, AK US","2021-05-03",,"49","44",
"USW00025333","SITKA AIRPORT, AK US","2021-05-04",,"48","42",
"USW00025333","SITKA AIRPORT, AK US","2021-05-05",,"55","41",
"USW00025333","SITKA AIRPORT, AK US","2021-05-06",,"63","46",
"USW00025333","SITKA AIRPORT, AK US","2021-05-07",,"56","45",
"USW00025333","SITKA AIRPORT, AK US","2021-05-08",,"50","46",
"USW00025333","SITKA AIRPORT, AK US","2021-05-09",,"49","43",
"USW00025333","SITKA AIRPORT, AK US","2021-05-10",,"52","42",
"USW00025333","SITKA AIRPORT, AK US","2021-05-11",,"49","45",
"USW00025333","SITKA AIRPORT, AK US","2021-05-12",,"49","43",
"USW00025333","SITKA AIRPORT, AK US","2021-05-13",,"47","43",
"USW00025333","SITKA AIRPORT, AK US","2021-05-14",,"49","45",
"USW00025333","SITKA AIRPORT, AK US","2021-05-15",,"48","42",
"USW00025333","SITKA AIRPORT, AK US","2021-05-16",,"49","39",
"USW00025333","SITKA AIRPORT, AK US","2021-05-17",,"52","36",
"USW00025333","SITKA AIRPORT, AK US","2021-05-18",,"56","38",
"USW00025333","SITKA AIRPORT, AK US","2021-05-19",,"57","46",
"USW00025333","SITKA AIRPORT, AK US","2021-05-20",,"52","41",
"USW00025333","SITKA AIRPORT, AK US","2021-05-21",,"53","47",
"USW00025333","SITKA AIRPORT, AK US","2021-05-22",,"49","45",
"USW00025333","SITKA AIRPORT, AK US","2021-05-23",,"53","44",
"USW00025333","SITKA AIRPORT, AK US","2021-05-24",,"50","44",
"USW00025333","SITKA AIRPORT, AK US","2021-05-25",,"51","43",
"USW00025333","SITKA AIRPORT, AK US","2021-05-26",,"51","45",
"USW00025333","SITKA AIRPORT, AK US","2021-05-27",,"51","44",
"USW00025333","SITKA AIRPORT, AK US","2021-05-28",,"49","45",
"USW00025333","SITKA AIRPORT, AK US","2021-05-29",,"57","47",
"USW00025333","SITKA AIRPORT, AK US","2021-05-30",,"58","50",
"USW00025333","SITKA AIRPORT, AK US","2021-05-31",,"58","51",
"USW00025333","SITKA AIRPORT, AK US","2021-06-01",,"56","50",
"USW00025333","SITKA AIRPORT, AK US","2021-06-02",,"53","49",
"USW00025333","SITKA AIRPORT, AK US","2021-06-03",,"51","47",
"USW00025333","SITKA AIRPORT, AK US","2021-06-04",,"56","47",
"USW00025333","SITKA AIRPORT, AK US","2021-06-05",,"58","47",
"USW00025333","SITKA AIRPORT, AK US","2021-06-06",,"54","48",
"USW00025333","SITKA AIRPORT, AK US","2021-06-07",,"58","48",
"USW00025333","SITKA AIRPORT, AK US","2021-06-08",,"59","46",
"USW00025333","SITKA AIRPORT, AK US","2021-06-09",,"53","49",
"USW00025333","SITKA AIRPORT, AK US","2021-06-10",,"55","50",
"USW00025333","SITKA AIRPORT, AK US","2021-06-11",,"59","50",
"USW00025333","SITKA AIRPORT, AK US","2021-06-12",,"61","47",
"USW00025333","SITKA AIRPORT, AK US","2021-06-13",,"67","49",
"USW00025333","SITKA AIRPORT, AK US","2021-06-14",,"64","53",
"USW00025333","SITKA AIRPORT, AK US","2021-06-15",,"58","54",
"USW00025333","SITKA AIRPORT, AK US","2021-06-16",,"60","52",
"USW00025333","SITKA AIRPORT, AK US","2021-06-17",,"66","53",
"USW00025333","SITKA AIRPORT, AK US","2021-06-18",,"58","52",
"USW00025333","SITKA AIRPORT, AK US","2021-06-19",,"68","49",
"USW00025333","SITKA AIRPORT, AK US","2021-06-20",,"59","52",
"USW00025333","SITKA AIRPORT, AK US","2021-06-21",,"55","50",
"USW00025333","SITKA AIRPORT, AK US","2021-06-22",,"56","49",
"USW00025333","SITKA AIRPORT, AK US","2021-06-23",,"63","52",
"USW00025333","SITKA AIRPORT, AK US","2021-06-24",,"63","55",
"USW00025333","SITKA AIRPORT, AK US","2021-06-25",,"59","55",
"USW00025333","SITKA AIRPORT, AK US","2021-06-26",,"63","54",
"USW00025333","SITKA AIRPORT, AK US","2021-06-27",,"78","54",
"USW00025333","SITKA AIRPORT, AK US","2021-06-28",,"75","57",
"USW00025333","SITKA AIRPORT, AK US","2021-06-29",,"61","54",
"USW00025333","SITKA AIRPORT, AK US","2021-06-30",,"62","53",
"USW00025333","SITKA AIRPORT, AK US","2021-07-01",,"61","53",
"USW00025333","SITKA AIRPORT, AK US","2021-07-02",,"60","52",
"USW00025333","SITKA AIRPORT, AK US","2021-07-03",,"66","54",
"USW00025333","SITKA AIRPORT, AK US","2021-07-04",,"60","55",
"USW00025333","SITKA AIRPORT, AK US","2021-07-05",,"65","55",
"USW00025333","SITKA AIRPORT, AK US","2021-07-06",,"59","54",
"USW00025333","SITKA AIRPORT, AK US","2021-07-07",,"58","53",
"USW00025333","SITKA AIRPORT, AK US","2021-07-08",,"58","53",
"USW00025333","SITKA AIRPORT, AK US","2021-07-09",,"57","53",
"USW00025333","SITKA AIRPORT, AK US","2021-07-10",,"60","51",
"USW00025333","SITKA AIRPORT, AK US","2021-07-11",,"60","51",
"USW00025333","SITKA AIRPORT, AK US","2021-07-12",,"60","54",
"USW00025333","SITKA AIRPORT, AK US","2021-07-13",,"57","52",
"USW00025333","SITKA AIRPORT, AK US","2021-07-14",,"58","51",
"USW00025333","SITKA AIRPORT, AK US","2021-07-15",,"60","50",
"USW00025333","SITKA AIRPORT, AK US","2021-07-16",,"61","54",
"USW00025333","SITKA AIRPORT, AK US","2021-07-17",,"63","56",
"USW00025333","SITKA AIRPORT, AK US","2021-07-18",,"63","57",
"USW00025333","SITKA AIRPORT, AK US","2021-07-19",,"70","55",
"USW00025333","SITKA AIRPORT, AK US","2021-07-20",,"64","56",
"USW00025333","SITKA AIRPORT, AK US","2021-07-21",,"59","54",
"USW00025333","SITKA AIRPORT, AK US","2021-07-22",,"63","55",
"USW00025333","SITKA AIRPORT, AK US","2021-07-23",,"61","56",
"USW00025333","SITKA AIRPORT, AK US","2021-07-24",,"58","54",
"USW00025333","SITKA AIRPORT, AK US","2021-07-25",,"59","52",
"USW00025333","SITKA AIRPORT, AK US","2021-07-26",,"64","49",
"USW00025333","SITKA AIRPORT, AK US","2021-07-27",,"62","57",
"USW00025333","SITKA AIRPORT, AK US","2021-07-28",,"70","52",
"USW00025333","SITKA AIRPORT, AK US","2021-07-29",,"70","52",
"USW00025333","SITKA AIRPORT, AK US","2021-07-30",,"73","60",
"USW00025333","SITKA AIRPORT, AK US","2021-07-31",,"66","48",
"USW00025333","SITKA AIRPORT, AK US","2021-08-01",,"66","59",
"USW00025333","SITKA AIRPORT, AK US","2021-08-02",,"62","55",
"USW00025333","SITKA AIRPORT, AK US","2021-08-03",,"67","55",
"USW00025333","SITKA AIRPORT, AK US","2021-08-04",,"65","60",
"USC00508505","SITKA WATER TREATMENT PLANT, AK US","2021-01-01",,,,
"USC00508505","SITKA WATER TREATMENT PLANT, AK US","2021-01-02",,,,
"USC00508505","SITKA WATER TREATMENT PLANT, AK US","2021-01-03",,,,
"USC00508505","SITKA WATER TREATMENT PLANT, AK US","2021-01-04",,,,
"USC00508505","SITKA WATER TREATMENT PLANT, AK US","2021-01-05",,,,
"USC00508505","SITKA WATER TREATMENT PLANT, AK US","2021-01-06",,,,
"USC00508505","SITKA WATER TREATMENT PLANT, AK US","2021-01-07",,,,
"USC00508505","SITKA WATER TREATMENT PLANT, AK US","2021-01-08",,,,
"USC00508505","SITKA WATER TREATMENT PLANT, AK US","2021-01-09",,,,
"USC00508505","SITKA WATER TREATMENT PLANT, AK US","2021-01-10",,,,
"USC00508505","SITKA WATER TREATMENT PLANT, AK US","2021-01-11",,,,
"USC00508505","SITKA WATER TREATMENT PLANT, AK US","2021-01-12",,,,
"USC00508505","SITKA WATER TREATMENT PLANT, AK US","2021-01-13",,,,
"USC00508505","SITKA WATER TREATMENT PLANT, AK US","2021-01-14",,,,
"USC00508505","SITKA WATER TREATMENT PLANT, AK US","2021-01-15",,,,
"USC00508505","SITKA WATER TREATMENT PLANT, AK US","2021-01-16",,,,
"USC00508505","SITKA WATER TREATMENT PLANT, AK US","2021-01-17",,,,
"USC00508505","SITKA WATER TREATMENT PLANT, AK US","2021-01-18",,,,
"USC00508505","SITKA WATER TREATMENT PLANT, AK US","2021-01-19",,,,
"USC00508505","SITKA WATER TREATMENT PLANT, AK US","2021-01-20",,,,
"USC00508505","SITKA WATER TREATMENT PLANT, AK US","2021-01-21",,,,
"USC00508505","SITKA WATER TREATMENT PLANT, AK US","2021-01-22",,,,
"USC00508505","SITKA WATER TREATMENT PLANT, AK US","2021-01-23",,,,
"USC00508505","SITKA WATER TREATMENT PLANT, AK US","2021-01-24",,,,
"USC00508505","SITKA WATER TREATMENT PLANT, AK US","2021-01-25",,,,
"USC00508505","SITKA WATER TREATMENT PLANT, AK US","2021-01-26",,,,
"USC00508505","SITKA WATER TREATMENT PLANT, AK US","2021-01-27",,,,
"USC00508505","SITKA WATER TREATMENT PLANT, AK US","2021-01-28",,,,
"USC00508505","SITKA WATER TREATMENT PLANT, AK US","2021-01-29",,,,
"USC00508505","SITKA WATER TREATMENT PLANT, AK US","2021-01-30",,,,
"USC00508505","SITKA WATER TREATMENT PLANT, AK US","2021-01-31",,,,
"USC00508505","SITKA WATER TREATMENT PLANT, AK US","2021-02-01",,,,
"USC00508505","SITKA WATER TREATMENT PLANT, AK US","2021-02-02",,,,
"USC00508505","SITKA WATER TREATMENT PLANT, AK US","2021-02-03",,,,
"USC00508505","SITKA WATER TREATMENT PLANT, AK US","2021-02-04",,,,
"USC00508505","SITKA WATER TREATMENT PLANT, AK US","2021-02-05",,,,
"USC00508505","SITKA WATER TREATMENT PLANT, AK US","2021-02-06",,,,
"USC00508505","SITKA WATER TREATMENT PLANT, AK US","2021-02-07",,,,
"USC00508505","SITKA WATER TREATMENT PLANT, AK US","2021-02-08",,,,
"USC00508505","SITKA WATER TREATMENT PLANT, AK US","2021-02-09",,,,
"USC00508505","SITKA WATER TREATMENT PLANT, AK US","2021-02-10",,,,
"USC00508505","SITKA WATER TREATMENT PLANT, AK US","2021-02-11",,,,
"USC00508505","SITKA WATER TREATMENT PLANT, AK US","2021-02-12",,,,
"USC00508505","SITKA WATER TREATMENT PLANT, AK US","2021-02-13",,,,
"USC00508505","SITKA WATER TREATMENT PLANT, AK US","2021-02-14",,,,
"USC00508505","SITKA WATER TREATMENT PLANT, AK US","2021-02-15",,,,
"USC00508505","SITKA WATER TREATMENT PLANT, AK US","2021-02-16",,,,
"USC00508505","SITKA WATER TREATMENT PLANT, AK US","2021-02-17",,,,
"USC00508505","SITKA WATER TREATMENT PLANT, AK US","2021-02-18",,,,
"USC00508505","SITKA WATER TREATMENT PLANT, AK US","2021-02-19",,,,
"USC00508505","SITKA WATER TREATMENT PLANT, AK US","2021-02-20",,,,
"USC00508505","SITKA WATER TREATMENT PLANT, AK US","2021-02-21",,,,
"USC00508505","SITKA WATER TREATMENT PLANT, AK US","2021-02-22",,,,
"USC00508505","SITKA WATER TREATMENT PLANT, AK US","2021-02-23",,,,
"USC00508505","SITKA WATER TREATMENT PLANT, AK US","2021-02-24",,,,
"USC00508505","SITKA WATER TREATMENT PLANT, AK US","2021-02-25",,,,
"USC00508505","SITKA WATER TREATMENT PLANT, AK US","2021-02-26",,,,
"USC00508505","SITKA WATER TREATMENT PLANT, AK US","2021-02-27",,,,
"USC00508505","SITKA WATER TREATMENT PLANT, AK US","2021-02-28",,,,
"USC00508505","SITKA WATER TREATMENT PLANT, AK US","2021-04-01",,,,
"USC00508505","SITKA WATER TREATMENT PLANT, AK US","2021-04-02",,,,
"USC00508505","SITKA WATER TREATMENT PLANT, AK US","2021-04-03",,,,
"USC00508505","SITKA WATER TREATMENT PLANT, AK US","2021-04-04",,,,
"USC00508505","SITKA WATER TREATMENT PLANT, AK US","2021-04-05",,,,
"USC00508505","SITKA WATER TREATMENT PLANT, AK US","2021-04-06",,,,
"USC00508505","SITKA WATER TREATMENT PLANT, AK US","2021-04-07",,,,
"USC00508505","SITKA WATER TREATMENT PLANT, AK US","2021-04-08",,,,
"USC00508505","SITKA WATER TREATMENT PLANT, AK US","2021-04-09",,,,
"USC00508505","SITKA WATER TREATMENT PLANT, AK US","2021-04-10",,,,
"USC00508505","SITKA WATER TREATMENT PLANT, AK US","2021-04-11",,,,
"USC00508505","SITKA WATER TREATMENT PLANT, AK US","2021-04-12",,,,
"USC00508505","SITKA WATER TREATMENT PLANT, AK US","2021-04-13",,,,
"USC00508505","SITKA WATER TREATMENT PLANT, AK US","2021-04-14",,,,
"USC00508505","SITKA WATER TREATMENT PLANT, AK US","2021-04-15",,,,
"USC00508505","SITKA WATER TREATMENT PLANT, AK US","2021-04-16",,,,
"USC00508505","SITKA WATER TREATMENT PLANT, AK US","2021-04-17",,,,
"USC00508505","SITKA WATER TREATMENT PLANT, AK US","2021-04-18",,,,
"USC00508505","SITKA WATER TREATMENT PLANT, AK US","2021-04-19",,,,
"USC00508505","SITKA WATER TREATMENT PLANT, AK US","2021-04-20",,,,
"USC00508505","SITKA WATER TREATMENT PLANT, AK US","2021-04-21",,,,
"USC00508505","SITKA WATER TREATMENT PLANT, AK US","2021-04-22",,,,
"USC00508505","SITKA WATER TREATMENT PLANT, AK US","2021-04-23",,,,
"USC00508505","SITKA WATER TREATMENT PLANT, AK US","2021-04-24",,,,
"USC00508505","SITKA WATER TREATMENT PLANT, AK US","2021-04-25",,,,
"USC00508505","SITKA WATER TREATMENT PLANT, AK US","2021-04-26",,,,
"USC00508505","SITKA WATER TREATMENT PLANT, AK US","2021-04-27",,,,
"USC00508505","SITKA WATER TREATMENT PLANT, AK US","2021-04-28",,,,
"USC00508505","SITKA WATER TREATMENT PLANT, AK US","2021-04-29",,,,
"USC00508505","SITKA WATER TREATMENT PLANT, AK US","2021-04-30",,,,
"USC00508505","SITKA WATER TREATMENT PLANT, AK US","2021-05-08",,,,
"USC00508505","SITKA WATER TREATMENT PLANT, AK US","2021-05-09",,,,
"USC00508505","SITKA WATER TREATMENT PLANT, AK US","2021-05-10",,,,
"USC00508505","SITKA WATER TREATMENT PLANT, AK US","2021-05-16",,,,
"USC00508505","SITKA WATER TREATMENT PLANT, AK US","2021-05-17",,,,
"USC00508505","SITKA WATER TREATMENT PLANT, AK US","2021-05-31",,,,
"USC00508505","SITKA WATER TREATMENT PLANT, AK US","2021-06-12",,,,
"USC00508505","SITKA WATER TREATMENT PLANT, AK US","2021-06-13",,,,
"USC00508505","SITKA WATER TREATMENT PLANT, AK US","2021-06-14",,,,
"USC00508505","SITKA WATER TREATMENT PLANT, AK US","2021-06-20",,,,
"USC00508505","SITKA WATER TREATMENT PLANT, AK US","2021-06-21",,,,
"USC00508505","SITKA WATER TREATMENT PLANT, AK US","2021-06-26",,,,
"USC00508505","SITKA WATER TREATMENT PLANT, AK US","2021-06-27",,,,
"USC00508505","SITKA WATER TREATMENT PLANT, AK US","2021-06-28",,,,
"USC00508505","SITKA WATER TREATMENT PLANT, AK US","2021-06-29",,,,
"USC00508505","SITKA WATER TREATMENT PLANT, AK US","2021-06-30",,,,
"USC00508505","SITKA WATER TREATMENT PLANT, AK US","2021-07-12",,,,
"USC00508505","SITKA WATER TREATMENT PLANT, AK US","2021-07-13",,,,
"USC00508505","SITKA WATER TREATMENT PLANT, AK US","2021-07-14",,,,
"USC00508505","SITKA WATER TREATMENT PLANT, AK US","2021-07-24",,,,
"USC00508505","SITKA WATER TREATMENT PLANT, AK US","2021-07-25",,,,
"USC00505519","LITTLE PORT WALTER, AK US","2021-01-02",,"37","33","35"
"USC00505519","LITTLE PORT WALTER, AK US","2021-01-03",,"39","32","38"
"USC00505519","LITTLE PORT WALTER, AK US","2021-01-04",,"41","35","37"
"USC00505519","LITTLE PORT WALTER, AK US","2021-01-05",,"43","37","38"
"USC00505519","LITTLE PORT WALTER, AK US","2021-01-06",,"43","36","37"
"USC00505519","LITTLE PORT WALTER, AK US","2021-01-07",,"46","36","41"
"USC00505519","LITTLE PORT WALTER, AK US","2021-01-08",,"46","35","40"
"USC00505519","LITTLE PORT WALTER, AK US","2021-01-09",,"43","36","41"
"USC00505519","LITTLE PORT WALTER, AK US","2021-01-10",,"46","37","41"
"USC00505519","LITTLE PORT WALTER, AK US","2021-01-11",,"43","37","38"
"USC00505519","LITTLE PORT WALTER, AK US","2021-01-12",,"44","38","41"
"USC00505519","LITTLE PORT WALTER, AK US","2021-01-13",,"42","33","35"
"USC00505519","LITTLE PORT WALTER, AK US","2021-01-14",,"40","34","35"
"USC00505519","LITTLE PORT WALTER, AK US","2021-01-15",,"47","33","43"
"USC00505519","LITTLE PORT WALTER, AK US","2021-01-16",,"44","35","41"
"USC00505519","LITTLE PORT WALTER, AK US","2021-01-17",,"44","34","42"
"USC00505519","LITTLE PORT WALTER, AK US","2021-01-19",,"46","36","37"
"USC00505519","LITTLE PORT WALTER, AK US","2021-01-20",,"40","33","34"
"USC00505519","LITTLE PORT WALTER, AK US","2021-01-21",,"37","30","30"
"USC00505519","LITTLE PORT WALTER, AK US","2021-01-22",,"36","30","30"
"USC00505519","LITTLE PORT WALTER, AK US","2021-01-23",,"36","30","35"
"USC00505519","LITTLE PORT WALTER, AK US","2021-01-24",,"36","28","33"
"USC00505519","LITTLE PORT WALTER, AK US","2021-01-25",,"37","28","29"
"USC00505519","LITTLE PORT WALTER, AK US","2021-01-26",,"34","28","33"
"USC00505519","LITTLE PORT WALTER, AK US","2021-01-27",,"35","22","26"
"USC00505519","LITTLE PORT WALTER, AK US","2021-01-28",,"29","21","21"
"USC00505519","LITTLE PORT WALTER, AK US","2021-01-29",,"33","21","30"
"USC00505519","LITTLE PORT WALTER, AK US","2021-01-30",,"34","30","32"
"USC00505519","LITTLE PORT WALTER, AK US","2021-01-31",,"36","31","35"
"USC00505519","LITTLE PORT WALTER, AK US","2021-02-01",,"38","27","31"
"USC00505519","LITTLE PORT WALTER, AK US","2021-02-02",,"33","28","31"
"USC00505519","LITTLE PORT WALTER, AK US","2021-02-03",,"32","24","31"
"USC00505519","LITTLE PORT WALTER, AK US","2021-02-04",,"32","27","31"
"USC00505519","LITTLE PORT WALTER, AK US","2021-02-05",,"35","29","32"
"USC00505519","LITTLE PORT WALTER, AK US","2021-02-06",,"33","31","31"
"USC00505519","LITTLE PORT WALTER, AK US","2021-02-07",,"35","24","26"
"USC00505519","LITTLE PORT WALTER, AK US","2021-02-08",,"33","24","24"
"USC00505519","LITTLE PORT WALTER, AK US","2021-02-09",,"24","9","14"
"USC00505519","LITTLE PORT WALTER, AK US","2021-02-10",,"17","12","17"
"USC00505519","LITTLE PORT WALTER, AK US","2021-02-11",,"25","10","24"
"USC00505519","LITTLE PORT WALTER, AK US","2021-02-12",,"33","23","32"
"USC00505519","LITTLE PORT WALTER, AK US","2021-02-13",,"37","23","32"
"USC00505519","LITTLE PORT WALTER, AK US","2021-02-14",,"37","31","32"
"USC00505519","LITTLE PORT WALTER, AK US","2021-02-16",,"33","22","28"
"USC00505519","LITTLE PORT WALTER, AK US","2021-02-17",,"33","28","33"
"USC00505519","LITTLE PORT WALTER, AK US","2021-02-18",,"39","31","36"
"USC00505519","LITTLE PORT WALTER, AK US","2021-02-19",,"41","30","36"
"USC00505519","LITTLE PORT WALTER, AK US","2021-02-20",,"40","32","32"
"USC00505519","LITTLE PORT WALTER, AK US","2021-02-21",,"44","32","40"
"USC00505519","LITTLE PORT WALTER, AK US","2021-02-22",,"42","32","35"
"USC00505519","LITTLE PORT WALTER, AK US","2021-02-23",,"39","30","31"
"USC00505519","LITTLE PORT WALTER, AK US","2021-02-24",,"41","31","37"
"USC00505519","LITTLE PORT WALTER, AK US","2021-02-25",,"37","32","36"
"USC00505519","LITTLE PORT WALTER, AK US","2021-02-26",,"40","33","34"
"USC00505519","LITTLE PORT WALTER, AK US","2021-02-27",,"43","33","34"
"USC00505519","LITTLE PORT WALTER, AK US","2021-02-28",,"44","34","39"
"USC00505519","LITTLE PORT WALTER, AK US","2021-03-01",,"40","33","35"
"USC00505519","LITTLE PORT WALTER, AK US","2021-03-02",,"38","33","33"
"USC00505519","LITTLE PORT WALTER, AK US","2021-03-03",,"38","32","37"
"USC00505519","LITTLE PORT WALTER, AK US","2021-03-04",,"38","32","35"
"USC00505519","LITTLE PORT WALTER, AK US","2021-03-05",,"40","34","38"
"USC00505519","LITTLE PORT WALTER, AK US","2021-03-06",,"39","32","38"
"USC00505519","LITTLE PORT WALTER, AK US","2021-03-07",,"41","34","41"
"USC00505519","LITTLE PORT WALTER, AK US","2021-03-08",,"44","33","33"
"USC00505519","LITTLE PORT WALTER, AK US","2021-03-09",,"35","31","34"
"USC00505519","LITTLE PORT WALTER, AK US","2021-03-10",,"39","27","31"
"USC00505519","LITTLE PORT WALTER, AK US","2021-03-11",,"38","28","34"
"USC00505519","LITTLE PORT WALTER, AK US","2021-03-12",,"37","28","29"
"USC00505519","LITTLE PORT WALTER, AK US","2021-03-13",,"36","27","29"
"USC00505519","LITTLE PORT WALTER, AK US","2021-03-14",,"34","25","28"
"USC00505519","LITTLE PORT WALTER, AK US","2021-03-15",,"33","25","32"
"USC00505519","LITTLE PORT WALTER, AK US","2021-03-16",,"40","28","33"
"USC00505519","LITTLE PORT WALTER, AK US","2021-03-17",,"40","29","40"
"USC00505519","LITTLE PORT WALTER, AK US","2021-03-18",,"42","29","30"
"USC00505519","LITTLE PORT WALTER, AK US","2021-03-19",,"41","28","33"
"USC00505519","LITTLE PORT WALTER, AK US","2021-03-20",,"37","24","30"
"USC00505519","LITTLE PORT WALTER, AK US","2021-03-21",,"35","28","33"
"USC00505519","LITTLE PORT WALTER, AK US","2021-03-22",,"41","32","37"
"USC00505519","LITTLE PORT WALTER, AK US","2021-03-23",,"44","32","32"
"USC00505519","LITTLE PORT WALTER, AK US","2021-03-24",,"39","32","36"
"USC00505519","LITTLE PORT WALTER, AK US","2021-03-25",,"39","33","34"
"USC00505519","LITTLE PORT WALTER, AK US","2021-03-26",,"42","34","34"
"USC00505519","LITTLE PORT WALTER, AK US","2021-03-27",,"41","34","36"
"USC00505519","LITTLE PORT WALTER, AK US","2021-03-28",,"41","30","41"
"USC00505519","LITTLE PORT WALTER, AK US","2021-03-29",,"42","28","37"
"USC00505519","LITTLE PORT WALTER, AK US","2021-03-30",,"41","32","38"
"USC00505519","LITTLE PORT WALTER, AK US","2021-03-31",,"40","35","37"
"USC00505519","LITTLE PORT WALTER, AK US","2021-04-01",,"38","27","32"
"USC00505519","LITTLE PORT WALTER, AK US","2021-04-02",,"37","31","34"
"USC00505519","LITTLE PORT WALTER, AK US","2021-04-03",,"37","28","36"
"USC00505519","LITTLE PORT WALTER, AK US","2021-04-04",,"41","31","38"
"USC00505519","LITTLE PORT WALTER, AK US","2021-04-05",,"44","37","38"
"USC00505519","LITTLE PORT WALTER, AK US","2021-04-06",,"45","35","36"
"USC00505519","LITTLE PORT WALTER, AK US","2021-04-07",,"38","30","32"
"USC00505519","LITTLE PORT WALTER, AK US","2021-04-08",,"40","29","32"
"USC00505519","LITTLE PORT WALTER, AK US","2021-04-09",,"39","31","33"
"USC00505519","LITTLE PORT WALTER, AK US","2021-04-10",,"38","31","37"
"USC00505519","LITTLE PORT WALTER, AK US","2021-04-11",,"39","31","33"
"USC00505519","LITTLE PORT WALTER, AK US","2021-04-12",,"38","33","35"
"USC00505519","LITTLE PORT WALTER, AK US","2021-04-13",,"38","32","32"
"USC00505519","LITTLE PORT WALTER, AK US","2021-04-14",,"43","32","42"
"USC00505519","LITTLE PORT WALTER, AK US","2021-04-15",,"45","35","42"
"USC00505519","LITTLE PORT WALTER, AK US","2021-04-16",,"47","35","40"
"USC00505519","LITTLE PORT WALTER, AK US","2021-04-17",,"50","35","48"
"USC00505519","LITTLE PORT WALTER, AK US","2021-04-18",,"56","37","51"
"USC00505519","LITTLE PORT WALTER, AK US","2021-04-19",,"62","36","41"
"USC00505519","LITTLE PORT WALTER, AK US","2021-04-20",,"54","38","43"
"USC00505519","LITTLE PORT WALTER, AK US","2021-04-21",,"56","35","43"
"USC00505519","LITTLE PORT WALTER, AK US","2021-04-22",,"57","31","40"
"USC00505519","LITTLE PORT WALTER, AK US","2021-04-23",,"55","37","44"
"USC00505519","LITTLE PORT WALTER, AK US","2021-04-24",,"56","38","49"
"USC00505519","LITTLE PORT WALTER, AK US","2021-04-25",,"62","35","46"
"USC00505519","LITTLE PORT WALTER, AK US","2021-04-26",,"62","33","43"
"USC00505519","LITTLE PORT WALTER, AK US","2021-04-27",,"59","38","41"
"USC00505519","LITTLE PORT WALTER, AK US","2021-04-28",,"43","35","39"
"USC00505519","LITTLE PORT WALTER, AK US","2021-04-29",,"46","38","42"
"USC00505519","LITTLE PORT WALTER, AK US","2021-04-30",,"47","40","41"
"USC00505519","LITTLE PORT WALTER, AK US","2021-05-01",,"46","29","45"
"USC00505519","LITTLE PORT WALTER, AK US","2021-05-02",,"51","35","43"
"USC00505519","LITTLE PORT WALTER, AK US","2021-05-03",,"46","40","41"
"USC00505519","LITTLE PORT WALTER, AK US","2021-05-04",,"45","39","41"
"USC00505519","LITTLE PORT WALTER, AK US","2021-05-05",,"48","39","42"
"USC00505519","LITTLE PORT WALTER, AK US","2021-05-06",,"48","42","48"
"USC00505519","LITTLE PORT WALTER, AK US","2021-05-07",,"52","40","45"
"USC00505519","LITTLE PORT WALTER, AK US","2021-05-08",,"50","41","44"
"USC00505519","LITTLE PORT WALTER, AK US","2021-05-09",,"50","38","48"
"USC00505519","LITTLE PORT WALTER, AK US","2021-05-10",,"51","37","43"
"USC00505519","LITTLE PORT WALTER, AK US","2021-05-11",,"47","41","43"
"USC00505519","LITTLE PORT WALTER, AK US","2021-05-12",,"50","38","48"
"USC00505519","LITTLE PORT WALTER, AK US","2021-05-13",,"49","39","42"
"USC00505519","LITTLE PORT WALTER, AK US","2021-05-14",,"45","41","44"
"USC00505519","LITTLE PORT WALTER, AK US","2021-05-15",,"47","42","45"
"USC00505519","LITTLE PORT WALTER, AK US","2021-05-16",,"51","36","45"
"USC00505519","LITTLE PORT WALTER, AK US","2021-05-17",,"50","35","46"
"USC00505519","LITTLE PORT WALTER, AK US","2021-05-18",,"49","34","46"
"USC00505519","LITTLE PORT WALTER, AK US","2021-05-19",,"55","38","50"
"USC00505519","LITTLE PORT WALTER, AK US","2021-05-20",,"54","40","47"
"USC00505519","LITTLE PORT WALTER, AK US","2021-05-21",,"53","43","45"
"USC00505519","LITTLE PORT WALTER, AK US","2021-05-22",,"47","43","46"
"USC00505519","LITTLE PORT WALTER, AK US","2021-05-23",,"46","41","45"
"USC00505519","LITTLE PORT WALTER, AK US","2021-05-24",,"50","37","46"
"USC00505519","LITTLE PORT WALTER, AK US","2021-05-25",,"52","43","45"
"USC00505519","LITTLE PORT WALTER, AK US","2021-05-26",,"46","42","43"
"USC00505519","LITTLE PORT WALTER, AK US","2021-05-27",,"52","38","47"
"USC00505519","LITTLE PORT WALTER, AK US","2021-05-28",,"54","42","47"
"USC00505519","LITTLE PORT WALTER, AK US","2021-05-29",,"50","45","45"
"USC00505519","LITTLE PORT WALTER, AK US","2021-05-30",,"50","45","46"
"USC00505519","LITTLE PORT WALTER, AK US","2021-05-31",,"49","46","49"
"USC00505519","LITTLE PORT WALTER, AK US","2021-06-01",,"52","46","48"
"USC00505519","LITTLE PORT WALTER, AK US","2021-06-02",,"52","46","49"
"USC00505519","LITTLE PORT WALTER, AK US","2021-06-03",,"52","45","46"
"USC00505519","LITTLE PORT WALTER, AK US","2021-06-04",,"48","45","46"
"USC00505519","LITTLE PORT WALTER, AK US","2021-06-05",,"48","45","46"
"USC00505519","LITTLE PORT WALTER, AK US","2021-06-06",,"58","44","48"
"USC00505519","LITTLE PORT WALTER, AK US","2021-06-07",,"54","46","49"
"USC00505519","LITTLE PORT WALTER, AK US","2021-06-08",,"56","42","50"
"USC00505519","LITTLE PORT WALTER, AK US","2021-06-09",,,,"47"
"USC00505519","LITTLE PORT WALTER, AK US","2021-06-10",,"53","47","49"
"USC00505519","LITTLE PORT WALTER, AK US","2021-06-11",,"55","47","50"
"USC00505519","LITTLE PORT WALTER, AK US","2021-06-12",,"58","44","50"
"USC00505519","LITTLE PORT WALTER, AK US","2021-06-13",,"63","46","53"
"USC00505519","LITTLE PORT WALTER, AK US","2021-06-14",,"66","51","53"
"USC00505519","LITTLE PORT WALTER, AK US","2021-06-15",,"62","51","53"
"USC00505519","LITTLE PORT WALTER, AK US","2021-06-16",,"58","48","51"
"USC00505519","LITTLE PORT WALTER, AK US","2021-06-17",,"57","51","53"
"USC00505519","LITTLE PORT WALTER, AK US","2021-06-18",,"57","49","49"
"USC00505519","LITTLE PORT WALTER, AK US","2021-06-19",,"57","49","56"
"USC00505519","LITTLE PORT WALTER, AK US","2021-06-20",,"64","53","54"
"USC00505519","LITTLE PORT WALTER, AK US","2021-06-21",,"54","50","53"
"USC00505519","LITTLE PORT WALTER, AK US","2021-06-22",,"58","46","51"
"USC00505519","LITTLE PORT WALTER, AK US","2021-06-23",,"58","46","51"
"USC00505519","LITTLE PORT WALTER, AK US","2021-06-24",,"56","45","56"
"USC00505519","LITTLE PORT WALTER, AK US","2021-06-25",,"56","40","52"
"USC00505519","LITTLE PORT WALTER, AK US","2021-06-26",,"61","41","53"
"USC00505519","LITTLE PORT WALTER, AK US","2021-06-27",,"64","30","58"
"USC00505519","LITTLE PORT WALTER, AK US","2021-06-28",,"72","30","57"
"USC00505519","LITTLE PORT WALTER, AK US","2021-06-29",,"74","45","62"
"USC00505519","LITTLE PORT WALTER, AK US","2021-06-30",,"71","48","56"
"USC00505519","LITTLE PORT WALTER, AK US","2021-07-01",,"64","49","58"
"USC00505519","LITTLE PORT WALTER, AK US","2021-07-02",,"61","55","60"
"USC00505519","LITTLE PORT WALTER, AK US","2021-07-04",,"67","50","52"
"USC00505519","LITTLE PORT WALTER, AK US","2021-07-05",,"62","49","58"
"USC00505519","LITTLE PORT WALTER, AK US","2021-07-06",,"64","50","58"
"USC00505519","LITTLE PORT WALTER, AK US","2021-07-07",,"64","43","56"
"USC00505519","LITTLE PORT WALTER, AK US","2021-07-08",,"61","51","54"
"USC00505519","LITTLE PORT WALTER, AK US","2021-07-09",,"57","46","51"
"USC00505519","LITTLE PORT WALTER, AK US","2021-07-10",,"61","46","49"
"USC00505519","LITTLE PORT WALTER, AK US","2021-07-11",,"61","44","52"
"USC00505519","LITTLE PORT WALTER, AK US","2021-07-14",,"60","48","54"
"USC00505519","LITTLE PORT WALTER, AK US","2021-07-15",,"57","47","50"
"USC00505519","LITTLE PORT WALTER, AK US","2021-07-16",,"57","49","52"
"USC00505519","LITTLE PORT WALTER, AK US","2021-07-25",,"56","45","51"
"USC00505519","LITTLE PORT WALTER, AK US","2021-07-26",,"56","47","50"
"USC00505519","LITTLE PORT WALTER, AK US","2021-07-27",,"59","44","51"
"USC00505519","LITTLE PORT WALTER, AK US","2021-07-29",,"63","49","56"
"USC00505519","LITTLE PORT WALTER, AK US","2021-07-30",,"67","55","60"
"USC00505519","LITTLE PORT WALTER, AK US","2021-07-31",,"67","53","57"
"USC00505519","LITTLE PORT WALTER, AK US","2021-08-02",,"67","50","57"
"USC00503605","HIDDEN FALLS HACHRY, AK US","2021-01-01",,,,
"USC00503605","HIDDEN FALLS HACHRY, AK US","2021-01-02",,,,
"USC00503605","HIDDEN FALLS HACHRY, AK US","2021-01-03",,,,
"USC00503605","HIDDEN FALLS HACHRY, AK US","2021-01-04",,,,
"USC00503605","HIDDEN FALLS HACHRY, AK US","2021-01-05",,,,
"USC00503605","HIDDEN FALLS HACHRY, AK US","2021-01-06",,,,
"USC00503605","HIDDEN FALLS HACHRY, AK US","2021-01-07",,,,
"USC00503605","HIDDEN FALLS HACHRY, AK US","2021-01-08",,,,
"USC00503605","HIDDEN FALLS HACHRY, AK US","2021-01-09",,,,
"USC00503605","HIDDEN FALLS HACHRY, AK US","2021-01-10",,,,
"USC00503605","HIDDEN FALLS HACHRY, AK US","2021-01-11",,,,
"USC00503605","HIDDEN FALLS HACHRY, AK US","2021-01-12",,,,
"USC00503605","HIDDEN FALLS HACHRY, AK US","2021-01-13",,,,
"USC00503605","HIDDEN FALLS HACHRY, AK US","2021-01-14",,,,
"USC00503605","HIDDEN FALLS HACHRY, AK US","2021-01-15",,,,
"USC00503605","HIDDEN FALLS HACHRY, AK US","2021-01-16",,,,
"USC00503605","HIDDEN FALLS HACHRY, AK US","2021-01-17",,,,
"USC00503605","HIDDEN FALLS HACHRY, AK US","2021-01-18",,,,
"USC00503605","HIDDEN FALLS HACHRY, AK US","2021-01-19",,,,
"USC00503605","HIDDEN FALLS HACHRY, AK US","2021-01-20",,,,
"USC00503605","HIDDEN FALLS HACHRY, AK US","2021-01-21",,,,
"USC00503605","HIDDEN FALLS HACHRY, AK US","2021-01-22",,,,
"USC00503605","HIDDEN FALLS HACHRY, AK US","2021-01-23",,,,
"USC00503605","HIDDEN FALLS HACHRY, AK US","2021-01-24",,,,
"USC00503605","HIDDEN FALLS HACHRY, AK US","2021-01-25",,,,
"USC00503605","HIDDEN FALLS HACHRY, AK US","2021-01-26",,,,
"USC00503605","HIDDEN FALLS HACHRY, AK US","2021-01-27",,,,
"USC00503605","HIDDEN FALLS HACHRY, AK US","2021-01-28",,,,
"USC00503605","HIDDEN FALLS HACHRY, AK US","2021-01-29",,,,
"USC00503605","HIDDEN FALLS HACHRY, AK US","2021-01-30",,,,
"USC00503605","HIDDEN FALLS HACHRY, AK US","2021-01-31",,,,
"USC00503605","HIDDEN FALLS HACHRY, AK US","2021-02-01",,,,
"USC00503605","HIDDEN FALLS HACHRY, AK US","2021-02-02",,,,
"USC00503605","HIDDEN FALLS HACHRY, AK US","2021-02-03",,,,
"USC00503605","HIDDEN FALLS HACHRY, AK US","2021-02-04",,,,
"USC00503605","HIDDEN FALLS HACHRY, AK US","2021-02-05",,,,
"USC00503605","HIDDEN FALLS HACHRY, AK US","2021-02-06",,,,
"USC00503605","HIDDEN FALLS HACHRY, AK US","2021-02-07",,,,
"USC00503605","HIDDEN FALLS HACHRY, AK US","2021-02-08",,,,"8"
"USC00503605","HIDDEN FALLS HACHRY, AK US","2021-02-09",,,,
"USC00503605","HIDDEN FALLS HACHRY, AK US","2021-02-10",,,,
"USC00503605","HIDDEN FALLS HACHRY, AK US","2021-02-11",,,,
"USC00503605","HIDDEN FALLS HACHRY, AK US","2021-02-12",,,,
"USC00503605","HIDDEN FALLS HACHRY, AK US","2021-02-13",,,,
"USC00503605","HIDDEN FALLS HACHRY, AK US","2021-02-14",,,,
"USC00503605","HIDDEN FALLS HACHRY, AK US","2021-02-15",,,,
"USC00503605","HIDDEN FALLS HACHRY, AK US","2021-02-16",,,,
"USC00503605","HIDDEN FALLS HACHRY, AK US","2021-02-17",,,,
"USC00503605","HIDDEN FALLS HACHRY, AK US","2021-02-18",,,,
"USC00503605","HIDDEN FALLS HACHRY, AK US","2021-02-19",,,,
"USC00503605","HIDDEN FALLS HACHRY, AK US","2021-02-20",,,,
"USC00503605","HIDDEN FALLS HACHRY, AK US","2021-02-21",,,,
"USC00503605","HIDDEN FALLS HACHRY, AK US","2021-02-22",,,,
"USC00503605","HIDDEN FALLS HACHRY, AK US","2021-02-23",,,,
"USC00503605","HIDDEN FALLS HACHRY, AK US","2021-02-24",,,,
"USC00503605","HIDDEN FALLS HACHRY, AK US","2021-02-25",,,,
"USC00503605","HIDDEN FALLS HACHRY, AK US","2021-02-26",,,,
"USC00503605","HIDDEN FALLS HACHRY, AK US","2021-02-27",,,,
"USC00503605","HIDDEN FALLS HACHRY, AK US","2021-02-28",,,,
"USC00503605","HIDDEN FALLS HACHRY, AK US","2021-03-01",,,,
"USC00503605","HIDDEN FALLS HACHRY, AK US","2021-03-02",,,,
"USC00503605","HIDDEN FALLS HACHRY, AK US","2021-03-03",,,,
"USC00503605","HIDDEN FALLS HACHRY, AK US","2021-03-04",,,,
"USC00503605","HIDDEN FALLS HACHRY, AK US","2021-03-05",,,,
"USC00503605","HIDDEN FALLS HACHRY, AK US","2021-03-06",,,,
"USC00503605","HIDDEN FALLS HACHRY, AK US","2021-03-07",,,,
"USC00503605","HIDDEN FALLS HACHRY, AK US","2021-03-08",,,,
"USC00503605","HIDDEN FALLS HACHRY, AK US","2021-03-09",,,,
"USC00503605","HIDDEN FALLS HACHRY, AK US","2021-03-10",,,,
"USC00503605","HIDDEN FALLS HACHRY, AK US","2021-03-11",,,,
"USC00503605","HIDDEN FALLS HACHRY, AK US","2021-03-12",,,,
"USC00503605","HIDDEN FALLS HACHRY, AK US","2021-03-13",,,,
"USC00503605","HIDDEN FALLS HACHRY, AK US","2021-03-14",,,,
"USC00503605","HIDDEN FALLS HACHRY, AK US","2021-03-15",,,,
"USC00503605","HIDDEN FALLS HACHRY, AK US","2021-03-16",,,,
"USC00503605","HIDDEN FALLS HACHRY, AK US","2021-03-17",,,,
"USC00503605","HIDDEN FALLS HACHRY, AK US","2021-03-18",,,,
"USC00503605","HIDDEN FALLS HACHRY, AK US","2021-03-19",,,,
"USC00503605","HIDDEN FALLS HACHRY, AK US","2021-03-20",,,,
"USC00503605","HIDDEN FALLS HACHRY, AK US","2021-03-21",,,,
"USC00503605","HIDDEN FALLS HACHRY, AK US","2021-03-22",,,,
"USC00503605","HIDDEN FALLS HACHRY, AK US","2021-03-23",,,,
"USC00503605","HIDDEN FALLS HACHRY, AK US","2021-03-24",,,,
"USC00503605","HIDDEN FALLS HACHRY, AK US","2021-03-25",,,,
"USC00503605","HIDDEN FALLS HACHRY, AK US","2021-03-26",,,,
"USC00503605","HIDDEN FALLS HACHRY, AK US","2021-03-27",,,,
"USC00503605","HIDDEN FALLS HACHRY, AK US","2021-03-28",,,,
"USC00503605","HIDDEN FALLS HACHRY, AK US","2021-03-29",,,,
"USC00503605","HIDDEN FALLS HACHRY, AK US","2021-03-30",,,,
"USC00503605","HIDDEN FALLS HACHRY, AK US","2021-03-31",,,,
"USC00503605","HIDDEN FALLS HACHRY, AK US","2021-04-01",,,,
"USC00503605","HIDDEN FALLS HACHRY, AK US","2021-04-02",,,,
"USC00503605","HIDDEN FALLS HACHRY, AK US","2021-04-03",,,,
"USC00503605","HIDDEN FALLS HACHRY, AK US","2021-04-04",,,,
"USC00503605","HIDDEN FALLS HACHRY, AK US","2021-04-05",,,,
"USC00503605","HIDDEN FALLS HACHRY, AK US","2021-04-06",,,,
"USC00503605","HIDDEN FALLS HACHRY, AK US","2021-04-07",,,,
"USC00503605","HIDDEN FALLS HACHRY, AK US","2021-04-08",,,,
"USC00503605","HIDDEN FALLS HACHRY, AK US","2021-04-09",,,,
"USC00503605","HIDDEN FALLS HACHRY, AK US","2021-04-10",,,,
"USC00503605","HIDDEN FALLS HACHRY, AK US","2021-04-11",,,,
"USC00503605","HIDDEN FALLS HACHRY, AK US","2021-04-12",,,,
"USC00503605","HIDDEN FALLS HACHRY, AK US","2021-04-13",,,,
"USC00503605","HIDDEN FALLS HACHRY, AK US","2021-04-14",,,,
"USC00503605","HIDDEN FALLS HACHRY, AK US","2021-04-15",,,,
"USC00503605","HIDDEN FALLS HACHRY, AK US","2021-04-16",,,,
"USC00503605","HIDDEN FALLS HACHRY, AK US","2021-04-17",,,,
"USC00503605","HIDDEN FALLS HACHRY, AK US","2021-04-18",,,,
"USC00503605","HIDDEN FALLS HACHRY, AK US","2021-04-19",,,,
"USC00503605","HIDDEN FALLS HACHRY, AK US","2021-04-20",,,,
"USC00503605","HIDDEN FALLS HACHRY, AK US","2021-04-21",,,,
"USC00503605","HIDDEN FALLS HACHRY, AK US","2021-04-22",,,,
"USC00503605","HIDDEN FALLS HACHRY, AK US","2021-04-23",,,,
"USC00503605","HIDDEN FALLS HACHRY, AK US","2021-04-24",,,,
"USC00503605","HIDDEN FALLS HACHRY, AK US","2021-04-25",,,,
"USC00503605","HIDDEN FALLS HACHRY, AK US","2021-04-26",,,,
"USC00503605","HIDDEN FALLS HACHRY, AK US","2021-04-27",,,,
"USC00503605","HIDDEN FALLS HACHRY, AK US","2021-04-28",,,,
"USC00503605","HIDDEN FALLS HACHRY, AK US","2021-04-29",,,,
"USC00503605","HIDDEN FALLS HACHRY, AK US","2021-04-30",,,,
"USC00503605","HIDDEN FALLS HACHRY, AK US","2021-05-08",,,,
"USC00503605","HIDDEN FALLS HACHRY, AK US","2021-05-09",,,,
"USC00503605","HIDDEN FALLS HACHRY, AK US","2021-05-15",,,,
"USC00503605","HIDDEN FALLS HACHRY, AK US","2021-05-16",,,,
"USC00503605","HIDDEN FALLS HACHRY, AK US","2021-05-24",,,,
"USC00503605","HIDDEN FALLS HACHRY, AK US","2021-05-25",,,,
"USC00503605","HIDDEN FALLS HACHRY, AK US","2021-05-30",,,,
"USC00503605","HIDDEN FALLS HACHRY, AK US","2021-05-31",,,,
"USC00503605","HIDDEN FALLS HACHRY, AK US","2021-06-06",,,,
"USC00503605","HIDDEN FALLS HACHRY, AK US","2021-06-07",,,,
"USC00503605","HIDDEN FALLS HACHRY, AK US","2021-06-11",,,,
"USC00503605","HIDDEN FALLS HACHRY, AK US","2021-06-12",,,,
"USC00503605","HIDDEN FALLS HACHRY, AK US","2021-06-13",,,,
"USC00503605","HIDDEN FALLS HACHRY, AK US","2021-06-26",,,,
"USC00503605","HIDDEN FALLS HACHRY, AK US","2021-06-27",,,,
"USC00503605","HIDDEN FALLS HACHRY, AK US","2021-06-29",,,,
"USC00503605","HIDDEN FALLS HACHRY, AK US","2021-06-30",,,,
"USC00503605","HIDDEN FALLS HACHRY, AK US","2021-07-02",,,,
"USC00503605","HIDDEN FALLS HACHRY, AK US","2021-07-03",,,,
"USC00503605","HIDDEN FALLS HACHRY, AK US","2021-07-04",,,,
"USC00503605","HIDDEN FALLS HACHRY, AK US","2021-07-10",,,,
"USC00503605","HIDDEN FALLS HACHRY, AK US","2021-07-11",,,,
"USC00503605","HIDDEN FALLS HACHRY, AK US","2021-07-17",,,,
"USC00503605","HIDDEN FALLS HACHRY, AK US","2021-07-18",,,,
"USC00503605","HIDDEN FALLS HACHRY, AK US","2021-07-19",,,,
"USC00503605","HIDDEN FALLS HACHRY, AK US","2021-07-31",,,,
"USW00025379","SITKA 1 NE, AK US","2021-01-01",,"40","34",
"USW00025379","SITKA 1 NE, AK US","2021-01-02",,"42","30",
"USW00025379","SITKA 1 NE, AK US","2021-01-03",,"40","31",
"USW00025379","SITKA 1 NE, AK US","2021-01-04",,"42","36",
"USW00025379","SITKA 1 NE, AK US","2021-01-05",,"42","36",
"USW00025379","SITKA 1 NE, AK US","2021-01-06",,"38","34",
"USW00025379","SITKA 1 NE, AK US","2021-01-07",,"46","36",
"USW00025379","SITKA 1 NE, AK US","2021-01-08",,"46","35",
"USW00025379","SITKA 1 NE, AK US","2021-01-09",,"44","35",
"USW00025379","SITKA 1 NE, AK US","2021-01-10",,"44","38",
"USW00025379","SITKA 1 NE, AK US","2021-01-11",,"39","36",
"USW00025379","SITKA 1 NE, AK US","2021-01-12",,"40","32",
"USW00025379","SITKA 1 NE, AK US","2021-01-13",,"34","32",
"USW00025379","SITKA 1 NE, AK US","2021-01-14",,"43","33",
"USW00025379","SITKA 1 NE, AK US","2021-01-15",,"43","37",
"USW00025379","SITKA 1 NE, AK US","2021-01-16",,"44","38",
"USW00025379","SITKA 1 NE, AK US","2021-01-17",,"44","37",
"USW00025379","SITKA 1 NE, AK US","2021-01-18",,"45","38",
"USW00025379","SITKA 1 NE, AK US","2021-01-19",,"39","34",
"USW00025379","SITKA 1 NE, AK US","2021-01-20",,"37","34",
"USW00025379","SITKA 1 NE, AK US","2021-01-21",,"39","31",
"USW00025379","SITKA 1 NE, AK US","2021-01-22",,"38","32",
"USW00025379","SITKA 1 NE, AK US","2021-01-23",,"36","32",
"USW00025379","SITKA 1 NE, AK US","2021-01-24",,"38","29",
"USW00025379","SITKA 1 NE, AK US","2021-01-25",,"33","27",
"USW00025379","SITKA 1 NE, AK US","2021-01-26",,"31","21",
"USW00025379","SITKA 1 NE, AK US","2021-01-27",,"28","19",
"USW00025379","SITKA 1 NE, AK US","2021-01-28",,"34","18",
"USW00025379","SITKA 1 NE, AK US","2021-01-29",,"38","32",
"USW00025379","SITKA 1 NE, AK US","2021-01-30",,"40","28",
"USW00025379","SITKA 1 NE, AK US","2021-01-31",,"39","26",
"USW00025379","SITKA 1 NE, AK US","2021-02-01",,"34","26",
"USW00025379","SITKA 1 NE, AK US","2021-02-02",,"33","25",
"USW00025379","SITKA 1 NE, AK US","2021-02-03",,"35","29",
"USW00025379","SITKA 1 NE, AK US","2021-02-04",,"38","30",
"USW00025379","SITKA 1 NE, AK US","2021-02-05",,"35","32",
"USW00025379","SITKA 1 NE, AK US","2021-02-06",,"34","27",
"USW00025379","SITKA 1 NE, AK US","2021-02-07",,"34","24",
"USW00025379","SITKA 1 NE, AK US","2021-02-08",,"28","15",
"USW00025379","SITKA 1 NE, AK US","2021-02-09",,"17","8",
"USW00025379","SITKA 1 NE, AK US","2021-02-10",,"27","7",
"USW00025379","SITKA 1 NE, AK US","2021-02-11",,"30","20",
"USW00025379","SITKA 1 NE, AK US","2021-02-12",,"37","25",
"USW00025379","SITKA 1 NE, AK US","2021-02-13",,"36","20",
"USW00025379","SITKA 1 NE, AK US","2021-02-14",,"36","28",
"USW00025379","SITKA 1 NE, AK US","2021-02-15",,"33","22",
"USW00025379","SITKA 1 NE, AK US","2021-02-16",,"38","25",
"USW00025379","SITKA 1 NE, AK US","2021-02-17",,"39","31",
"USW00025379","SITKA 1 NE, AK US","2021-02-18",,"42","35",
"USW00025379","SITKA 1 NE, AK US","2021-02-19",,"39","31",
"USW00025379","SITKA 1 NE, AK US","2021-02-20",,"42","31",
"USW00025379","SITKA 1 NE, AK US","2021-02-21",,"42","33",
"USW00025379","SITKA 1 NE, AK US","2021-02-22",,"38","32",
"USW00025379","SITKA 1 NE, AK US","2021-02-23",,"34","31",
"USW00025379","SITKA 1 NE, AK US","2021-02-24",,"35","32",
"USW00025379","SITKA 1 NE, AK US","2021-02-25",,"38","32",
"USW00025379","SITKA 1 NE, AK US","2021-02-26",,"41","31",
"USW00025379","SITKA 1 NE, AK US","2021-02-27",,"42","34",
"USW00025379","SITKA 1 NE, AK US","2021-02-28",,"42","33",
"USW00025379","SITKA 1 NE, AK US","2021-03-01",,"36","32",
"USW00025379","SITKA 1 NE, AK US","2021-03-02",,"37","32",
"USW00025379","SITKA 1 NE, AK US","2021-03-03",,"39","31",
"USW00025379","SITKA 1 NE, AK US","2021-03-04",,"41","31",
"USW00025379","SITKA 1 NE, AK US","2021-03-05",,"42","33",
"USW00025379","SITKA 1 NE, AK US","2021-03-06",,"41","31",
"USW00025379","SITKA 1 NE, AK US","2021-03-07",,"47","35",
"USW00025379","SITKA 1 NE, AK US","2021-03-08",,"39","27",
"USW00025379","SITKA 1 NE, AK US","2021-03-09",,"39","24",
"USW00025379","SITKA 1 NE, AK US","2021-03-10",,"40","31",
"USW00025379","SITKA 1 NE, AK US","2021-03-11",,"38","30",
"USW00025379","SITKA 1 NE, AK US","2021-03-12",,"36","27",
"USW00025379","SITKA 1 NE, AK US","2021-03-13",,"35","26",
"USW00025379","SITKA 1 NE, AK US","2021-03-14",,"33","20",
"USW00025379","SITKA 1 NE, AK US","2021-03-15",,"36","31",
"USW00025379","SITKA 1 NE, AK US","2021-03-16",,"39","32",
"USW00025379","SITKA 1 NE, AK US","2021-03-17",,"42","31",
"USW00025379","SITKA 1 NE, AK US","2021-03-18",,"39","28",
"USW00025379","SITKA 1 NE, AK US","2021-03-19",,"35","27",
"USW00025379","SITKA 1 NE, AK US","2021-03-20",,"36","27",
"USW00025379","SITKA 1 NE, AK US","2021-03-21",,"42","33",
"USW00025379","SITKA 1 NE, AK US","2021-03-22",,"41","33",
"USW00025379","SITKA 1 NE, AK US","2021-03-23",,"42","35",
"USW00025379","SITKA 1 NE, AK US","2021-03-24",,"39","34",
"USW00025379","SITKA 1 NE, AK US","2021-03-25",,"39","33",
"USW00025379","SITKA 1 NE, AK US","2021-03-26",,"42","34",
"USW00025379","SITKA 1 NE, AK US","2021-03-27",,"38","31",
"USW00025379","SITKA 1 NE, AK US","2021-03-28",,"41","29",
"USW00025379","SITKA 1 NE, AK US","2021-03-29",,"39","30",
"USW00025379","SITKA 1 NE, AK US","2021-03-30",,"40","35",
"USW00025379","SITKA 1 NE, AK US","2021-03-31",,"39","32",
"USW00025379","SITKA 1 NE, AK US","2021-04-01",,"35","31",
"USW00025379","SITKA 1 NE, AK US","2021-04-02",,"38","31",
"USW00025379","SITKA 1 NE, AK US","2021-04-03",,"40","32",
"USW00025379","SITKA 1 NE, AK US","2021-04-04",,"41","34",
"USW00025379","SITKA 1 NE, AK US","2021-04-05",,"42","33",
"USW00025379","SITKA 1 NE, AK US","2021-04-06",,"37","32",
"USW00025379","SITKA 1 NE, AK US","2021-04-07",,"42","28",
"USW00025379","SITKA 1 NE, AK US","2021-04-08",,"37","29",
"USW00025379","SITKA 1 NE, AK US","2021-04-09",,"38","30",
"USW00025379","SITKA 1 NE, AK US","2021-04-10",,"35","29",
"USW00025379","SITKA 1 NE, AK US","2021-04-11",,"42","29",
"USW00025379","SITKA 1 NE, AK US","2021-04-12",,"41","34",
"USW00025379","SITKA 1 NE, AK US","2021-04-13",,"46","37",
"USW00025379","SITKA 1 NE, AK US","2021-04-14",,"46","38",
"USW00025379","SITKA 1 NE, AK US","2021-04-15",,"52","36",
"USW00025379","SITKA 1 NE, AK US","2021-04-16",,"56","33",
"USW00025379","SITKA 1 NE, AK US","2021-04-17",,"64","32",
"USW00025379","SITKA 1 NE, AK US","2021-04-18",,"72","37",
"USW00025379","SITKA 1 NE, AK US","2021-04-19",,"66","41",
"USW00025379","SITKA 1 NE, AK US","2021-04-20",,"51","41",
"USW00025379","SITKA 1 NE, AK US","2021-04-21",,"57","33",
"USW00025379","SITKA 1 NE, AK US","2021-04-22",,"55","29",
"USW00025379","SITKA 1 NE, AK US","2021-04-23",,"62","29",
"USW00025379","SITKA 1 NE, AK US","2021-04-24",,"64","33",
"USW00025379","SITKA 1 NE, AK US","2021-04-25",,"64","33",
"USW00025379","SITKA 1 NE, AK US","2021-04-26",,"57","30",
"USW00025379","SITKA 1 NE, AK US","2021-04-27",,"49","39",
"USW00025379","SITKA 1 NE, AK US","2021-04-28",,"52","42",
"USW00025379","SITKA 1 NE, AK US","2021-04-29",,"48","42",
"USW00025379","SITKA 1 NE, AK US","2021-04-30",,"46","41",
"USW00025379","SITKA 1 NE, AK US","2021-05-01",,"49","36",
"USW00025379","SITKA 1 NE, AK US","2021-05-02",,"52","35",
"USW00025379","SITKA 1 NE, AK US","2021-05-03",,"47","41",
"USW00025379","SITKA 1 NE, AK US","2021-05-04",,"46","39",
"USW00025379","SITKA 1 NE, AK US","2021-05-05",,"53","38",
"USW00025379","SITKA 1 NE, AK US","2021-05-06",,"64","44",
"USW00025379","SITKA 1 NE, AK US","2021-05-07",,"58","42",
"USW00025379","SITKA 1 NE, AK US","2021-05-08",,"51","43",
"USW00025379","SITKA 1 NE, AK US","2021-05-09",,"49","39",
"USW00025379","SITKA 1 NE, AK US","2021-05-10",,"53","38",
"USW00025379","SITKA 1 NE, AK US","2021-05-11",,"47","42",
"USW00025379","SITKA 1 NE, AK US","2021-05-12",,"49","39",
"USW00025379","SITKA 1 NE, AK US","2021-05-13",,"46","40",
"USW00025379","SITKA 1 NE, AK US","2021-05-14",,"48","41",
"USW00025379","SITKA 1 NE, AK US","2021-05-15",,"47","40",
"USW00025379","SITKA 1 NE, AK US","2021-05-16",,"50","34",
"USW00025379","SITKA 1 NE, AK US","2021-05-17",,"52","31",
"USW00025379","SITKA 1 NE, AK US","2021-05-18",,"58","33",
"USW00025379","SITKA 1 NE, AK US","2021-05-19",,"55","43",
"USW00025379","SITKA 1 NE, AK US","2021-05-20",,"53","42",
"USW00025379","SITKA 1 NE, AK US","2021-05-21",,"51","44",
"USW00025379","SITKA 1 NE, AK US","2021-05-22",,"47","42",
"USW00025379","SITKA 1 NE, AK US","2021-05-23",,"50","40",
"USW00025379","SITKA 1 NE, AK US","2021-05-24",,"49","39",
"USW00025379","SITKA 1 NE, AK US","2021-05-25",,"53","39",
"USW00025379","SITKA 1 NE, AK US","2021-05-26",,"51","39",
"USW00025379","SITKA 1 NE, AK US","2021-05-27",,"50","39",
"USW00025379","SITKA 1 NE, AK US","2021-05-28",,"48","44",
"USW00025379","SITKA 1 NE, AK US","2021-05-29",,"59","43",
"USW00025379","SITKA 1 NE, AK US","2021-05-30",,"59","47",
"USW00025379","SITKA 1 NE, AK US","2021-05-31",,"55","50",
"USW00025379","SITKA 1 NE, AK US","2021-06-01",,"56","49",
"USW00025379","SITKA 1 NE, AK US","2021-06-02",,"53","46",
"USW00025379","SITKA 1 NE, AK US","2021-06-03",,"49","44",
"USW00025379","SITKA 1 NE, AK US","2021-06-04",,"54","44",
"USW00025379","SITKA 1 NE, AK US","2021-06-05",,"57","44",
"USW00025379","SITKA 1 NE, AK US","2021-06-06",,"54","43",
"USW00025379","SITKA 1 NE, AK US","2021-06-07",,"59","43",
"USW00025379","SITKA 1 NE, AK US","2021-06-08",,"63","39",
"USW00025379","SITKA 1 NE, AK US","2021-06-09",,"53","41",
"USW00025379","SITKA 1 NE, AK US","2021-06-10",,"54","46",
"USW00025379","SITKA 1 NE, AK US","2021-06-11",,"60","44",
"USW00025379","SITKA 1 NE, AK US","2021-06-12",,"62","41",
"USW00025379","SITKA 1 NE, AK US","2021-06-13",,"68","42",
"USW00025379","SITKA 1 NE, AK US","2021-06-14",,"66","47",
"USW00025379","SITKA 1 NE, AK US","2021-06-15",,"56","50",
"USW00025379","SITKA 1 NE, AK US","2021-06-16",,"60","48",
"USW00025379","SITKA 1 NE, AK US","2021-06-17",,"65","47",
"USW00025379","SITKA 1 NE, AK US","2021-06-18",,"58","48",
"USW00025379","SITKA 1 NE, AK US","2021-06-19",,"70","43",
"USW00025379","SITKA 1 NE, AK US","2021-06-20",,"59","52",
"USW00025379","SITKA 1 NE, AK US","2021-06-21",,"52","48",
"USW00025379","SITKA 1 NE, AK US","2021-06-22",,"55","47",
"USW00025379","SITKA 1 NE, AK US","2021-06-23",,"58","48",
"USW00025379","SITKA 1 NE, AK US","2021-06-24",,"59","53",
"USW00025379","SITKA 1 NE, AK US","2021-06-25",,"59","53",
"USW00025379","SITKA 1 NE, AK US","2021-06-26",,"64","52",
"USW00025379","SITKA 1 NE, AK US","2021-06-27",,"78","49",
"USW00025379","SITKA 1 NE, AK US","2021-06-28",,"79","51",
"USW00025379","SITKA 1 NE, AK US","2021-06-29",,"62","50",
"USW00025379","SITKA 1 NE, AK US","2021-06-30",,"62","49",
"USW00025379","SITKA 1 NE, AK US","2021-07-01",,"60","50",
"USW00025379","SITKA 1 NE, AK US","2021-07-02",,"61","49",
"USW00025379","SITKA 1 NE, AK US","2021-07-03",,"65","51",
"USW00025379","SITKA 1 NE, AK US","2021-07-04",,"60","51",
"USW00025379","SITKA 1 NE, AK US","2021-07-05",,"65","51",
"USW00025379","SITKA 1 NE, AK US","2021-07-06",,"59","51",
"USW00025379","SITKA 1 NE, AK US","2021-07-07",,"61","50",
"USW00025379","SITKA 1 NE, AK US","2021-07-08",,"57","50",
"USW00025379","SITKA 1 NE, AK US","2021-07-09",,"56","50",
"USW00025379","SITKA 1 NE, AK US","2021-07-10",,"58","45",
"USW00025379","SITKA 1 NE, AK US","2021-07-11",,"62","46",
"USW00025379","SITKA 1 NE, AK US","2021-07-12",,"59","52",
"USW00025379","SITKA 1 NE, AK US","2021-07-13",,"55","50",
"USW00025379","SITKA 1 NE, AK US","2021-07-14",,"58","47",
"USW00025379","SITKA 1 NE, AK US","2021-07-15",,"58","44",
"USW00025379","SITKA 1 NE, AK US","2021-07-16",,"62","50",
"USW00025379","SITKA 1 NE, AK US","2021-07-17",,"63","52",
"USW00025379","SITKA 1 NE, AK US","2021-07-18",,"62","54",
"USW00025379","SITKA 1 NE, AK US","2021-07-19",,"69","50",
"USW00025379","SITKA 1 NE, AK US","2021-07-20",,"64","49",
"USW00025379","SITKA 1 NE, AK US","2021-07-23",,"58","53",
"USW00025379","SITKA 1 NE, AK US","2021-07-24",,"56","50",
"USW00025379","SITKA 1 NE, AK US","2021-07-25",,"59","48",
"USW00025379","SITKA 1 NE, AK US","2021-07-26",,"65","44",
"USW00025379","SITKA 1 NE, AK US","2021-07-27",,"62","52",
"USW00025379","SITKA 1 NE, AK US","2021-07-28",,"70","47",
"USW00025379","SITKA 1 NE, AK US","2021-07-29",,"72","45",
"USW00025379","SITKA 1 NE, AK US","2021-07-30",,"72","55",
"USW00025379","SITKA 1 NE, AK US","2021-07-31",,"66","52",
"USW00025379","SITKA 1 NE, AK US","2021-08-01",,"64","57",
"USW00025379","SITKA 1 NE, AK US","2021-08-02",,"62","51",
"USW00025379","SITKA 1 NE, AK US","2021-08-03",,"64","51",
"USW00025379","SITKA 1 NE, AK US","2021-08-04",,"63","56",
"USW00025379","SITKA 1 NE, AK US","2021-08-05",,"69","52",
